id,nome,origem,destino,contexto,dificuldades,fonte,lat_origem,lng_origem,lat_destino,lng_destino,ano,tipo,periodo_dados
1,"Rota de Refúgio Sudão–Chade","Sudão","Chade","Pessoas fogem do conflito no Sudão e atravessam a fronteira para buscar proteção no Chade.","Violência, falta de alimentos, água, abrigo e atendimento médico.","https://data.unhcr.org/en/documents/details/121191",15.5,32.5,13.5,22.2,2024,"Refúgio","Registros de deslocamento em 2024; consultar relatório anual do ACNUR"
2,"Rota Marítima dos Rohingya","Mianmar e Bangladesh","Malásia e Indonésia","Pessoas Rohingya refugiadas ou em busca de proteção realizam travessias marítimas pelo Sudeste Asiático.","Embarcações precárias, naufrágios, tráfico e falta de proteção legal.","https://data.unhcr.org/en/documents/details/114965",21.4,91.9,5.5,95.3,2024,"Refúgio","Dados de rotas terrestres e marítimas até dezembro de 2024"
3,"Rota de Refúgio Ucrânia–Polônia","Ucrânia","Polônia","Pessoas deixam a Ucrânia em busca de segurança após a invasão russa e encontram proteção em países vizinhos.","Separação familiar, moradia, emprego, documentação e adaptação.","https://data.unhcr.org/en/situations/ukraine",50.4,30.5,52.2,21.0,2024,"Refúgio","Dados de refugiados ucranianos em 2024"
4,"Rota do Mediterrâneo Central","Norte da África","Itália","Rota marítima usada por migrantes e pessoas em busca de proteção para chegar à Europa.","Naufrágios, desaparecimentos, exploração e travessias perigosas.","https://dtm.iom.int/global-overview-of-migration-routes-portal/central-mediterranean",33.5,10.0,37.5,13.0,2024,"Migração","Relatório anual de 2024"
5,"Rota do Atlântico Ocidental","África Ocidental","Ilhas Canárias, Espanha","Travessia do Oceano Atlântico a partir da costa africana em direção às Ilhas Canárias.","Longas travessias, embarcações precárias, desidratação e naufrágios.","https://dtm.iom.int/global-overview-of-migration-routes-portal/west-african-atlantic",14.7,-17.4,28.1,-15.4,2024,"Migração","Relatório anual de 2024"
6,"Rota da América Central","Colômbia e Panamá","América Central e México","Corredor terrestre que inclui a travessia de Darién e a passagem por países da América Central.","Terreno perigoso, violência, exploração e falta de assistência.","https://dtm.iom.int/global-overview-of-migration-routes-portal",8.4,-76.8,14.9,-92.3,2024,"Migração","Relatório anual de 2024"
7,"Rota de Refúgio Sudão–Chade","Sudão","Chade","Pessoas continuam fugindo do conflito sudanês e cruzando para o Chade em busca de proteção.","Violência, deslocamento forçado, escassez de recursos e riscos à proteção.","https://data.unhcr.org/en/documents/details/121191",15.5,32.5,13.5,22.2,2025,"Refúgio","Relatório de monitoramento de fronteira de 2025"
8,"Rota Marítima dos Rohingya","Mianmar e Bangladesh","Malásia e Indonésia","Refugiados Rohingya realizam travessias marítimas para tentar alcançar segurança e melhores condições de vida.","Naufrágios, tráfico, embarcações superlotadas e mortes no mar.","https://www.unhcr.org/uk/news/briefing-notes/unhcr-2025-was-deadliest-year-yet-maritime-movements-rohingya-refugees",21.4,91.9,5.5,95.3,2025,"Refúgio","Dados de travessias marítimas durante 2025"
9,"Rota de Refúgio Ucrânia–Polônia","Ucrânia","Polônia","A Polônia continua sendo um dos países que acolhem refugiados que fugiram da guerra na Ucrânia.","Necessidades de moradia, emprego, educação, documentação e integração.","https://data.unhcr.org/en/situations/ukraine",50.4,30.5,52.2,21.0,2025,"Refúgio","Dados de refugiados ucranianos em 2025"
10,"Rota do Mediterrâneo Central","Norte da África","Itália","Rota marítima de migração e busca por proteção entre o Norte da África e a Itália.","Travessias perigosas, exploração, desaparecimentos e naufrágios.","https://dtm.iom.int/global-overview-of-migration-routes-portal/central-mediterranean",33.5,10.0,37.5,13.0,2025,"Migração","Relatório anual de 2025"
11,"Rota do Atlântico Ocidental","África Ocidental","Ilhas Canárias, Espanha","Travessia marítima utilizada por pessoas que partem da costa africana para alcançar as Ilhas Canárias.","Longa distância marítima, embarcações inseguras e risco de morte.","https://dtm.iom.int/global-overview-of-migration-routes-portal/west-african-atlantic",14.7,-17.4,28.1,-15.4,2025,"Migração","Relatório anual de 2025"
12,"Rota da América Central","Colômbia e Panamá","América Central e México","Corredor de deslocamento que passa pelo Darién e por países da América Central em direção ao norte.","Violência, condições ambientais perigosas e dificuldades nas fronteiras.","https://dtm.iom.int/global-overview-of-migration-routes-portal",8.4,-76.8,14.9,-92.3,2025,"Migração","Relatório anual de 2025"
13,"Rota de Refúgio Sudão–Chade","Sudão","Chade","Pessoas continuam atravessando a fronteira para escapar do conflito e buscar proteção no Chade.","Insegurança, falta de recursos básicos e dificuldades de acesso à assistência humanitária.","https://data.unhcr.org/en/documents/details/122106",15.5,32.5,13.5,22.2,2026,"Refúgio","Dados cobrem abril de 2025 a março de 2026; não equivalem ao ano civil completo"
14,"Rota Marítima dos Rohingya","Mianmar e Bangladesh","Malásia e Indonésia","Refugiados Rohingya continuam realizando perigosas travessias marítimas no Sudeste Asiático.","Embarcações precárias, naufrágios, tráfico e desaparecimentos.","https://www.unhcr.org/uk/news/briefing-notes/unhcr-2025-was-deadliest-year-yet-maritime-movements-rohingya-refugees",21.4,91.9,5.5,95.3,2026,"Refúgio","Dados parciais de janeiro a abril de 2026"
15,"Rota de Refúgio Ucrânia–Polônia","Ucrânia","Polônia","Pessoas deslocadas pela guerra continuam buscando proteção em países europeus, incluindo a Polônia.","Necessidades de moradia, emprego, educação e integração.","https://data.unhcr.org/en/situations/ukraine",50.4,30.5,52.2,21.0,2026,"Refúgio","Dados de 2026; verificar o último período disponível no painel do ACNUR"
16,"Rota do Mediterrâneo Central","Norte da África","Itália","A rota continua sendo utilizada por pessoas que atravessam o Mediterrâneo para chegar à Europa.","Naufrágios, desaparecimentos e riscos durante a travessia.","https://dtm.iom.int/global-overview-of-migration-routes-portal/central-mediterranean",33.5,10.0,37.5,13.0,2026,"Migração","Janeiro a abril de 2026"
17,"Rota do Atlântico Ocidental","África Ocidental","Ilhas Canárias, Espanha","Pessoas continuam partindo da costa africana para tentar alcançar as Ilhas Canárias pelo Atlântico.","Travessias longas, embarcações precárias e riscos de naufrágio.","https://dtm.iom.int/global-overview-of-migration-routes-portal/west-african-atlantic",14.7,-17.4,28.1,-15.4,2026,"Migração","Janeiro a abril de 2026"
18,"Rota da América Central","Colômbia e Panamá","América Central e México","Rota terrestre usada por pessoas em deslocamento pelo Darién e pela América Central.","Terreno perigoso, violência, exploração e dificuldades de acesso à proteção.","https://dtm.iom.int/global-overview-of-migration-routes-portal",8.4,-76.8,14.9,-92.3,2026,"Migração","Janeiro a abril de 2026"